Lima	26057
League Cup	19873
Saka	15811
Capri	14625
Elf	9972
Cavan	9233
Jonah	5848
Kapa	5808
Aban	5786
Trois	4727
Tampa, Florida	4340
Brigham Young University	4267
Rhodo	3991
Motel	3339
Monsieur	3337
Taranto	3224
Kumba	2552
Tanta	2419
Warren G	2065
Conyer	1976
Capot	1882
Marquette University	1847
Division 4	1653
RZA	1257
Sega Genesis	1241
Inuktitut	992
Gloria Estefan	965
Welsh Premier League	957
Antelope Valley	955
Deutsche Grammophon	880
Contamina	858
Jim Morrison	803
Girdle	767
State of Palestine	724
Water supply	708
Skeletor	699
Feather River	692
Doolin	672
American League West	614
All-Ireland Senior Club Hurling Championship	594
The Narrow	586
Homerton	543
At Last	535
Dutch Top 40	528
Ming Chin	525
Orang Asli	521
Osaka Prefecture	489
Contemporary Christian music	478
Clang	471
Markandeya	471
Lone Star Conference	463
Air Express	457
Lakenheath	421
York Factory	396
Digital Millennium Copyright Act	391
Syngman Rhee	382
Kansas River	375
Joe Frazier	370
KLV	357
A Doll's House	353
Amorites	340
Toledo, Spain	335
Stableford	315
English Open	307
Don McLean	298
Border Collie	294
Women's National Basketball League	293
City Duma	293
John Shank	290
Neuropsychology	280
Direct Line	277
Turnstile	273
Sam Waterston	271
Qu Yuan	257
The Religion	256
Boeing KC-135 Stratotanker	255
Harry Potter and the Order of the Phoenix	252
Ananda College	250
United States Coast Guard Academy	244
BBC Radio Ulster	240
Gerry Ryan	238
Provenance	236
NBL Grand Final	235
Walter Liberty Vernon	233
Minor league	230
Somali language	223
Bacteroides	220
Christ in Majesty	219
Office of the Comptroller of the Currency	217
Daniel Kahneman	213
Glen Shiel	212
Diesse	206
Pterocarpus	203
American Campaign Medal	202
Mary Morris	192
Asia Institute	190
Cassella	188
David Bromberg	187
The Royal Canadian Regiment	180
Red Butte	171
Mary McLeod Bethune	171
William Tryon	171
Krewella	168
Spanish and Portuguese Jews	166
Junior Chamber International	166
The Headies	166
Darren Clarke	162
WCIX	157
Wang Zhao	157
Scott Paper Company	157
Fred Tatasciore	154
Machame	154
Orgueil	153
Army of the Danube	152
Asian University	148
Jain philosophy	146
Mark Price	145
Irish poetry	144
Keith Joseph	144
Hebrew character	143
Al Nuaimi	141
William Borlase	138
Leighton Park School	138
Karel Doorman	136
GameFAQs	136
Tennessee marble	135
President of Zimbabwe	134
Douglas C-54 Skymaster	133
Arte S	132
Jonckheere	131
Trepassey	131
Ptahhotep	130
Joseph O'Connor	127
Hennessy's	126
Wu Yan	126
A.C. Cesena	124
Rudolf Rocker	123
Rail pass	122
Fight for You	121
AC Sparta Prague	120
Wiler	120
Windhof	119
Ideas Festival	117
Richard Alf	117
Kydonia	116
Mike Rotunda	114
George Tuska	113
Jens Voigt	112
National Highways Authority of India	111
Krasnopresnenskaya	109
Barabani	108
Volkswagen Jetta	108
Bound for Glory Series	107
Phatfish	107
Quebec sovereignty movement	103
San Fernando, California	101
Fraunces Tavern	101
Polytechnic University of Turin	100
Southwest Philadelphia	99
San Juan, Argentina	98
Corner Hotel	98
James Booker	98
Beatrice, Nebraska	98
Gino Vannelli	97
Gambarogno	97
Jeremy Fish	97
S. Rajaratnam	97
Dufton	96
Sibthorpe	96
WABE	96
Malaika Arora	95
Mochnant	94
Flores Sea	94
Helen Shapiro	94
InformationWeek	93
Download.com	93
Robert Hays	93
Marsinah	89
Victor Moore	89
New Series Adventures	89
Doug Bradley	88
River Wyre	87
John Whitmer	86
Anthony Joseph Drexel	85
Jeremy Northam	85
At Fillmore East	84
Superdrag	84
Javanese script	83
Stuttgart Airport	83
Fate/Zero	83
United States House Committee on Natural Resources	83
North West Cape	82
SPICA	81
Delgany	81
Last Chance Saloon	81
Sulpicius Severus	80
Grant Richards	80
Najac	79
Orange Order in Canada	79
Sandwich tern	79
Antipope Benedict X	78
Scott May	78
Alexa Vega	76
W88	76
Muriwai	76
Texas Tech University System	76
Pacific Grand Prix	75
Etimesgut	75
The Piano Guys	75
Hetampur	75
Exertion	75
2017 Wimbledon Championships	75
Jun Ji-hyun	74
Sisters of Perpetual Indulgence	73
Fox Reality Channel	73
Placer Dome	73
Cordelia Chase	73
WAOW	73
Apaxco	69
Bushwood	69
Apries	69
Kalasam	68
Mistelbach	68
Anton Arensky	68
Sotkamo	67
Doug Yule	66
FIFA 07	66
Constitution of Indonesia	65
Memphis Zoo	65
Bryan Hamilton	65
SB20	64
Dobcross	64
Gimbi	64
Sonmiani	64
Creative Writer	63
Services cricket team	63
Chilga	63
CDATA	63
Gina Jeffreys	63
Ida Maria	62
Union, Progress and Democracy	62
Mafikizolo	61
Ceraunian Mountains	60
Hobart, Indiana	60
Lego Rock Band	59
Oerlinghausen	59
Life Teen	59
Byron Black	59
Mary Ray	59
Kingston Bagpuize	59
Saskatchewan Highway 2	58
Magod	58
Geminiviridae	58
Die Freundin	58
Randall Wallace	58
Samuel Yellin	58
Love Is...	58
Bioremediation	58
Col d'Aubisque	57
Tony Shaw	57
Body Party	57
El Hijo de Dos Caras	57
Nollamara	57
Islamic Iran Participation Front	57
Saskatchewan Highway 6	56
Nan Chiau High School	56
Papagou	56
United States Preventive Services Task Force	56
Fantasia Fair	56
Rock Against Bush	55
Holmens Kanal	55
Demon Bear	55
Obama Foundation	55
PAL-M	54
Monkey Dust	54
Psalm 110	54
Taigan	53
Astronomy & Astrophysics	53
Kirsten Storms	53
EMD GP9	53
Temple Owls men's basketball	53
Linji Yixuan	52
EMI America Records	52
.ky	52
Gavin Maxwell	52
Solway Junction Railway	52
Gamebook	52
Musicians Hall of Fame and Museum	52
H.E.R.B.I.E.	52
GP14	51
Port of Quebec	51
Daniel Caesar	51
Orinoco crocodile	51
Alex Hunter	51
Lunar orbit	51
Edwards syndrome	50
Dance International	50
Maywood Park	50
MTV Pinoy	50
Rockland Boulders	50
Someday My Prince Will Come	50
Alexander Innes	49
Parole Board of Canada	49
Impostora	49
Nobiskrug	49
William Mayne	49
Planet P Project	49
Ngozi Okonjo-Iweala	48
South Carolina Air National Guard	48
Ringo Brown	48
Barq's	48
Garden design	48
Wenhai	48
GPR84	48
Malathion	48
Kerfuffle	47
American Council of Engineering Companies	47
Banksia sessilis	47
Ndala	47
Eloy de la Iglesia	46
Chromel	46
Golden Green	46
Mondo 2000	46
Mary Reibey	45
Ford circle	45
Canary Current	45
Paddy Casey	45
Deshengmen	45
Theda Skocpol	44
Roy McCurdy	44
Archie Fisher	44
Scott Hutchison	44
Kryptopterus	44
Li Decheng	43
Catarratto	43
Dayr Hafir	43
Tennessee River Gorge	43
Louisville, Georgia	43
Bob Dyer	43
West Valley College	43
Goodridge v. Department of Public Health	43
Ora TV	43
YouVersion	42
Allegheny Energy	42
Stephen Shin	42
Yasufumi Nakanoue	42
MarkAir	42
Treaties of the European Union	42
Angel of Mine	42
Seemanchal	41
Lothians and Border Horse	41
Adrienne Arsht Center for the Performing Arts	41
Karnataka Rajyotsava	41
Deborah Raffin	41
Filip Filipov	41
Eurisko	41
Alf Roberts	41
The Subterraneans	41
Tsuro	41
Nakhtmin	41
Fugitive Kind	41
Shalden	41
Saw Mill Run	41
Yass Post Office	40
Cardinal Syn	40
Pearson Isles	40
Kristin Armstrong	40
Wappenham	40
Soarin'	40
Els Quatre Gats	40
Nearly Famous	40
Piae Cantiones	40
Recy Taylor	39
Newar people	39
Paige Matthews	39
Tynewydd	39
School of Public Policy and Management	38
Tim Holmes	38
ViSalus	38
Alpha Force	38
Ayatana	38
Lucy Hutchinson	38
Cape Shore	38
Zhang Lan	38
International Broadcast Centre	38
Suloise	38
WSFN	37
Federal Office for Information Security	37
Pedro Carmona	37
Chaos UK	37
Yorktown, New York	37
Mike Bush	37
Albert Brisbane	37
Mahdi Ali	37
Port Royal Island	37
Clastidium	36
Barlow rail	36
Richard Picker	36
Roger Heim	36
Pratt & Whitney JT9D	36
Mohamed Mounir	36
D. S. Mirsky	36
Mechernich	36
Sidney Farber	36
National Botanical Research Institute	36
La Bella Mafia	35
Richard Watkins	35
The Tunnel of Love	35
FC SKA-Khabarovsk	35
Macefen	35
Equal Voice	35
National Sheriffs' Association	35
Bob Seagren	35
Theodore G. Bilbo	35
Adaptive Coloration in Animals	35
Banyuwangi Regency	35
Watch Hill, Rhode Island	34
Soyuz TMA-12	34
Vicky McGehee	34
Anambra River	34
Donemana	34
Safa Giray	34
Grouches	34
Darius Miles	34
Meenangadi	34
Carmen Sevilla	34
Jazz Jackrabbit 2	33
Brown dwarf	33
Vinzel	33
Richard de Grenville	33
Bravo November	33
Canelo Hills	33
EMBRACE	33
Cadiz, Kentucky	33
The Wave Pictures	33
Grand Cross of the Iron Cross	33
Zach Zwinak	33
Regional Economic Communities	33
Michael Smuin	32
Joanna Marszałek-Kawa	32
Wasco-Wishram	32
Ajmal Ameer	32
Andrew S. Tanenbaum	32
AEDE	32
Alex Blake	32
Everything Will Be Alright in the End	32
Order of the Cross of the Eagle	32
Dhammapala	32
Pat O'Day	32
Gabriel Nassif	32
Rhaponticum	31
Hong Kong New Wave	31
Earl of Glengall	31
Belize Bank	31
Services Hospital	31
Charter Oath	31
Rotterdam Convention	31
Baltic governorates	31
Tosmah	31
Loco Dice	31
Tales of Zestiria	31
International Federation of Strength Athletes	31
Milton Abbot	30
Mouse and the Traps	30
On the Road Again Tour	30
Willesden Jewish Cemetery	30
1st Guards Motor Rifle Division	30
Delaware Run	30
Jason Euell	30
Griesenberg	30
Motti Aroesti	30
Operating expense	30
Nancy Huston	30
Vorlage	30
Musafia	30
Antideficiency Act	30
Nohen	29
Hagerstown Valley	29
Macquarie Triple Junction	29
PD Ports	29
61st Rifle Corps	29
Counter-Attack	29
Edward Telfair	29
Limberlost Swamp	29
Austell, Georgia	29
The Radio Factor	29
Sverker II of Sweden	29
Dan Dakich	29
Ladoke Akintola University of Technology	29
CLAW hypothesis	29
Dok Leipzig	29
The Magic Door	29
Multiple Maniacs	29
Mel Hurtig	29
Stephan Schmidheiny	28
Stagioni	28
Alice Piper	28
Cebidae	28
Paw Paw River	28
Pterelaus	28
City Road Basin	28
The Conquest of Bread	28
Anthony Masiello	28
KFRU	28
Hera Agathon	27
Alex Tremulis	27
Leonard Lauder	27
Peace Fund	27
Iris Barry	27
Tiger Williams	27
Eustache Le Sueur	27
Unsound Festival	27
WUAG	27
Newin Chidchob	27
Happy Garden	27
Boeremag	27
Ashraya	27
Philippine Popular Music Festival	27
Hans Henny Jahnn	27
So Proudly We Hail!	27
Graham Creek	27
New Zealand Cavaliers	27
Gilbert Fitz Richard	27
Sonchat Ratiwatana	27
North American cuisine	26
SHMD	26
Effigy of the Forgotten	26
Winnie Waldron	26
Daniel and Lily	26
Fill the Void	26
Radnage	26
International Electrical Congress	26
Fort Lemhi	26
Spearfish Canyon	26
Sobrio	26
Hanover Finance	26
Forgotten Ten	26
Wild Wild Winter	26
Left in the Dark	26
Tarlac State University	26
Diplomatic Academy of the Ministry of Foreign Affairs of the Russian Federation	26
Jackson Plan	26
Ben Jealous	26
ACA International	26
Minnehaha Academy	25
Someday We'll Know	25
Isle of Man Football Association	25
O'Connell Road	25
Yamana clan	25
Heath bar	25
743rd Tank Battalion	25
1988 NSWRL season	25
Kerala State Industrial Development Corporation	25
Biryawaza	25
Farmerville, Louisiana	25
2011 Big East Men's Basketball Tournament	25
Extra Foods	25
Langeleben	25
Carey Harrison	25
John LeCompt	25
Sinclair Weeks	25
Hymenodictyon	24
Southern College of Optometry	24
3rd Frigate Squadron	24
Shuni-e	24
Radicofani	24
Edward Giles	24
Charles Girault	24
Seacliff Lunatic Asylum	24
FamilyFun	24
Jean-Louis Pascal	24
Jess-Belle	24
Reinventing the Steel	24
1905 Tour de France	24
American Savoyards	24
Chadwick Lake	24
Munkar and Nakir	24
Tinfed	24
Peter Tamm	24
Rick Brewer	24
Ashrafuz Zaman Khan	24
Ylona Garcia	24
Tusom	24
Sir Tatton Sykes, 4th Baronet	24
Mission specialist	23
Nilay Patel	23
Jefferson Davis Parish, Louisiana	23
Konstantin Lopushansky	23
Francis Xavier Pierz	23
Maryland Route 58	23
2015 Indianapolis 500	23
Martin Hellberg	23
Mark Reilly	23
Mediagua	23
Lazy Bones	23
Unimatrix Zero	23
Luton railway station	23
Salem Fields Cemetery	23
Ajax Records	23
Speak English or Die	23
Storm World	23
Djiru	23
Hou Jian	23
Pre-Millennium Tension	22
Misgivings	22
Bentley–Ottmann algorithm	22
Tecumseh, Oklahoma	22
Frank Lester	22
Lyon Center	22
Hugh Kirkaldy	22
Al-Samh ibn Malik al-Khawlani	22
Gary Carpenter	22
Kona Lanes	22
Archerfield, Queensland	22
Bedrule	22
Mount Clare Shops	22
Lawrence Holland	22
All Hands on the Bad One	22
Tenth United States Army	22
Rod Gilfry	22
Stratford-upon-Avon College	21
Basque literature	21
Swedish Polar Research Secretariat	21
Chris Wagner	21
Virtual Pool 3	21
Raven's Ait	21
Fellipe Bastos	21
Pocahontas Coalfield	21
Red Willow County, Nebraska	21
Battle of Capua	21
Jamelle Elliott	21
The Big Road	21
Ritchie Brothers	21
Basilica of Bom Jesus	21
Victor Rothschild, 3rd Baron Rothschild	21
Chharwa	21
Sound BlasterAxx	21
Patrika Darbo	21
Cappagh, County Tyrone	21
Arbeca	21
Dawn Lyn	21
Bernard Orchard	21
Albegna	21
Issidae	21
Saqqara Tablet	21
Michael Jonzun	21
Robert Lui	21
Ingle International	21
Erin Sanders	21
Fine Tuning	21
Michael Gash	20
2011 New Zealand general election	20
Herzing University	20
Let's Get Killed	20
William Crump	20
Renalase	20
Varney & Co.	20
Joyce Meadows	20
The Computer Programme	20
St. Brendan's College, Killarney	20
MAX232	20
83rd Fighter Aviation Regiment	20
Russian Standard Bank	20
Maescar	20
Louise Wallace	20
United Nations Appeals Tribunal	20
Lee Shelton	20
Magoksa	20
A&B Sound	20
Alfred V. Kidder	20
Charles McCabe	20
Amaras Monastery	20
Richard Illingworth	20
Ernst Oster	20
Colonial Auxiliary Forces Long Service Medal	20
Cumbernauld Village	20
Koila Nailatikau	20
2011 State of the Union Address	20
Cuerden Hall	20
George Neilson	20
Schuylkill Fishing Company	20
Euphemia I, Countess of Ross	20
Hubert Bland	20
Aleksandr Nedovyesov	20
Donnie Elbert	20
Winfield Creek	20
Guanabo	20
Port Salford	19
Jagat Gosain	19
Miss World 1991	19
Valentine Theatre	19
Sandro Akhmeteli	19
Chime.in	19
UN World Water Development Report	19
Warham St Leger	19
Focus Films	19
Lengwil	19
Joel Marangella	19
Fort Ternan	19
Emergency Communities	19
Samuel Sam-Sumana	19
Nancy Stark Smith	19
Mary Kingston	19
State formation	19
Caros Fodor	19
Smokey and the Bandit Part 3	19
Operation Ochsenkopf	19
Brodie Holland	19
Francis Ayscough	19
Object database	19
Ryuji Imada	19
George Ferrers	19
Subiaco Cassinese Congregation	19
Oerbke	19
Aragonese Corts	19
They Are Coming	19
Judy Clarke	19
Sandhikharka	19
WLVE	19
Muddupalani	19
Dick Bertel	18
Life Stinks	18
Zenonis	18
Jack Trevor Story	18
Anthony Levandowski	18
Synkellos	18
Linda Wells	18
Alexander McNair	18
Coeliac UK	18
Morrillito	18
Argenteuil—Papineau—Mirabel	18
Ontario Junior B Lacrosse League	18
John Enys	18
Settlers Green	18
Agnes Wood	18
North Hollywood Medical Center	18
Arctic Submarine Laboratory	18
Keith Patterson	18
George Elmer Browne	18
Aleksandar Malinov	18
Oberwil-Lieli	18
Thalavoor	18
Fabian Almazan	18
Roy Lunn	18
Charles McVety	18
Theo-Ben Gurirab	18
Wingham Memorial Town Hall	18
Marco Follini	18
Wave Hub	18
Foe tha Love of $	18
Christmas Carol Kauffman	18
Hommachi Station	17
Bravo Giovanni	17
Ram Milaayi Jodi	17
Open Access Week	17
2007 County Championship	17
Louis Fraser	17
The Time of the Assassins	17
Perfect Pass	17
Southwestern Christian University	17
You Better Not Waste My Time	17
Barbershop music	17
Balu Mahi	17
Lobatus goliath	17
Horten H.II	17
Johnson Mesa	17
Esol Education	17
Orphan Drug Act of 1983	17
WJZQ	17
Tekka Centre	17
Close Combat Clasp	17
GHGProof	17
Destination Kohler	17
Haderslev County	17
Simonds d'Ewes	17
One Wild Oat	17
Botswana National Olympic Committee	17
Hazel Henderson	17
Death Parade	17
Bromley Mountain	17
Shadows of Time	17
Reed Farrel Coleman	17
Al-Madina Souq	17
Ramanujan summation	17
Marina Nazionale Repubblicana	17
Eddie Brill	17
Andre Beteille	17
CacheFS	17
Ron Wylie	17
Hebron glass	17
Marco Pontecorvo	16
Ultima Sports	16
Doug Ose	16
Wayne A. Downing	16
Richard Shusterman	16
Sureesh Mehta	16
WTLA	16
Julie Gore	16
Katari Veera Surasundarangi	16
Sea pen	16
Yuliya Snigir	16
Martin Garralaga	16
Østfold University College	16
Yu-3 torpedo	16
Stacy Carter	16
Jacques de Tonnancour	16
Nobunari Oda	16
Ribet's theorem	16
Baja California Desert	16
Stanley Ralph Ross	16
Voltage regulator	16
Leopold Pokagon	16
Trifling Women	16
Harry Winter	16
Port Austin, Michigan	16
Giacomo Gastaldi	16
Ruperra Castle	16
Micropia	16
Colour Genie	16
Pyridoxal phosphate	16
Art Graham	16
Regina Rage	16
Ravindra Kalakshetra	16
Karol Libelt	16
Kappa number	16
Gwangju Station	16
Darwin Gross	16
Antique Olive	16
Michael Pangilinan	16
Aulestad	16
Buckeye Bulldog	16
Two Steps from the Middle Ages	15
Early Childhood Research Quarterly	15
Stanford Anderson	15
Code of law	15
X86-64	15
Shinmin no Michi	15
Green Wood Centre	15
Reynella, South Australia	15
Elan Atias	15
Chestnut Ridge Park	15
Batenburgers	15
Institute for Humanities and Cultural Studies	15
Barney and Chapman	15
George Tutuska	15
Basil Henriques	15
Near Ruin	15
Green City Market	15
Western Sussex Hospitals NHS Foundation Trust	15
Georg Jensen A/S	15
Roddickton	15
James Shen	15
Tayna Lawrence	15
Who Does She Think She Is	15
Silver Ladder	15
JetAmerica	15
Dean's Scholars	15
Peg Kehret	15
Blue Wing Inn	15
Anthony Tolliver	15
Roger Sherman Greene	15
Reveal system	15
Wunder gibt es immer wieder	15
Vic Berton	15
Dumas method	15
Ross McKibbin	15
Lauren Gussis	15
Shepherd Neame Kent 1	15
Dare House	15
Brick Court Chambers	15
Yungay Province	15
Tidying Up	15
20th World Scout Jamboree	15
Blonde Trouble	15
Death by Hanging	15
Freedom Scientific	15
Anders Hovden	15
Defence College of Policing and Guarding	15
Dindigul Dragons	15
Keele Yard	14
FunGals	14
Clare Burt	14
NGC 129	14
Black carp	14
Eske Willerslev	14
RL60	14
Robert Patten	14
Nebraska Highway 71	14
Suzi Gardner	14
Tsai Wan-lin	14
Hurricane Fico	14
Triggiano	14
Neverstore	14
Ruslan Sirota	14
The 99p Challenge	14
Birthright Campaign Setting	14
K-Hill	14
Benjamin Grant Mitchell	14
William Delafield Arnold	14
Kisan Kanya	14
Circle K Sunkus	14
Wayne Terwilliger	14
Sasha Meneghel	14
Alfred McMinn	14
Vladimir Krikunov	14
Rover Coaches	14
Owen Gwyn	14
Brian Kehoe	14
Agerpres	14
Laluque	14
Presbyterian Record	14
Unserdeutsch	14
Austin School of Film	14
Josh Pace	14
Baby Ballerinas	14
Monounsaturated fat	14
Sid Halley	14
East Palace, West Palace	14
Fiji Women's Rights Movement	14
Pierre Cordier	14
University of Monastir	14
San Francisco Museum and Historical Society	14
Susie Tharu	14
The Judith of Shimoda	14
Super-LumiNova	14
That's Someone You Never Forget	14
Arriondas	14
Hand of Fire	14
Isabel Webster	14
Cremastosperma	14
Ramani Huria	14
Pseudomorph	14
Ferranti Pegasus	14
Theatre Royal, Bury St Edmunds	14
Margaret Rhodes	14
Susan Irvine	14
Nite Versions	14
David Tinker	14
Wick St. Lawrence	14
Renny Ottolina	14
Clessie Cummins	14
Vermilacinia paleoderma	14
Plains hide painting	13
Only You Can Love Me This Way	13
Willmore conjecture	13
Kathleen Webb	13
Darrell L. Bock	13
Peyote song	13
Point Cabrillo Light	13
Khijuri	13
Claus Kleber	13
Hymns for the Nonbeliever	13
Contemporary Women's Writing	13
Tyrker	13
Hudson View Gardens	13
Reality Ends Here	13
62d Operations Group	13
Bob Anthony	13
Laura Joh Rowland	13
Henry of Segusio	13
Wigner–Eckart theorem	13
Princess Caroline-Mathilde Alps	13
Autobleu	13
Charles Spittal	13
High Speed Photometer	13
Lincoln Goines	13
Hans Schimpf	13
Pat Devine	13
Oates Coast	13
William Tennant Mortlock	13
Atlantic, North Carolina	13
Driveblind	13
Zygmunt Wojciechowski	13
Nastasee	13
MBTA Boat	13
MARC-8	13
Turkish Air Force Academy	13
Geoffrey Cowan	13
Michael Kmit	13
American Share Insurance	13
WAY-200070	13
Soybean meal	13
WBYS	13
Thirteen Buddhas	13
Good Day for a Hanging	13
Antje Vollmer	13
NHS National Services Scotland	13
HKUST Business School	13
Ma Zhaoxu	13
Albatross Books	13
Bushwick Avenue Line	13
Shades of Greene	13
Donald Howarth	13
Grand Ole Party	13
East Washington Historic District	13
Sobairce	13
Familia Caritatis	13
ProMusa	13
Casper Oimoen	13
2013 McDonald's All-American Boys Game	13
